tourney_id,tourney_name,surface,draw_size,tourney_level,indoor,tourney_date,match_num,winner_id,winner_seed,winner_entry,winner_name,winner_hand,winner_ht,winner_ioc,winner_age,winner_rank,winner_rank_points,loser_id,loser_seed,loser_entry,loser_name,loser_hand,loser_ht,loser_ioc,loser_age,loser_rank,loser_rank_points,score,best_of,round,minutes,w_ace,w_df,w_svpt,w_1stIn,w_1stWon,w_2ndWon,w_SvGms,w_bpSaved,w_bpFaced,l_ace,l_df,l_svpt,l_1stIn,l_1stWon,l_2ndWon,l_SvGms,l_bpSaved,l_bpFaced
2026-422,Cincinnati Masters,Hard,96,M,O,20260814,1,N0BS,,,Mariano Navone,R,178,ARG,25.459,44,1066,C0JP,,,Raphael Collignon,R,191.0,BEL,24.583,38,1222,6-3 7-6(3),3,R128,111,1,0,63,44,37,10,11,2,3,7,8,83,51,35,13,10,11,13
2026-422,Cincinnati Masters,Hard,96,M,O,20260814,2,KI95,,,Miomir Kecmanovic,R,183,SRB,26.954,66,930,U182,,,Camilo Ugo Carabelli,R,185.0,ARG,27.159,76,790,6-3 6-3,3,R128,87,5,3,60,29,22,18,9,7,8,5,6,64,33,20,13,9,8,12
2026-422,Cincinnati Masters,Hard,96,M,O,20260814,3,L0IL,,,Martin Landaluce,R,193,ESP,20.597,67,922,D0CO,,WC,Jack Draper,L,193.0,GBR,24.643,143,410,6-3 7-5,3,R128,116,4,6,69,34,25,17,10,3,5,6,12,90,48,33,14,11,7,12
2026-422,Cincinnati Masters,Hard,96,M,O,20260814,4,N771,,,Cameron Norrie,L,188,GBR,30.976,35,1345,P0HW,,,Dino Prizmic,R,188.0,CRO,21.024,101,652,3-6 6-1 6-4,3,R128,117,3,3,81,47,36,20,13,4,5,11,4,65,34,27,17,13,1,4
2026-422,Cincinnati Masters,Hard,96,M,O,20260814,5,SU55,,,Denis Shapovalov,L,185,CAN,27.332,48,1045,ME82,,,Adrian Mannarino,L,180.0,FRA,38.125,52,1005,6-1 6-4,3,R128,85,9,4,56,37,27,10,9,5,6,3,4,60,33,22,8,8,5,9
2026-422,Cincinnati Masters,Hard,96,M,O,20260814,6,SL28,,,Jan-Lennard Struff,R,193,GER,36.304,43,1069,B0FV,,,Roman Andres Burruchaga,R,183.0,ARG,24.556,61,962,7-6(4) 2-6 6-3,3,R128,144,16,8,113,61,46,23,15,7,10,12,4,90,62,45,13,14,5,7
2026-422,Cincinnati Masters,Hard,96,M,O,20260814,7,T0A1,,,Thiago Agustin Tirante,R,185,ARG,25.344,50,1011,CH12,,,Jan Choinski,R,196.0,GBR,30.177,77,770,7-6(9) 6-7(7) 7-6(4),3,R128,176,20,4,118,59,46,39,18,3,5,14,3,124,81,58,27,18,5,7
2026-422,Cincinnati Masters,Hard,96,M,O,20260814,8,H0BH,,,Rinky Hijikata,R,178,AUS,25.47,95,673,MC65,,,Gael Monfils,R,193.0,FRA,39.951,305,180,2-6 7-6(5) 6-3,3,R128,151,3,4,101,56,37,28,15,2,6,16,7,123,57,46,27,14,2,5
2026-422,Cincinnati Masters,Hard,96,M,O,20260814,9,A0GC,,,Terence Atmane,L,193,FRA,24.594,45,1057,F724,,,Marton Fucsovics,R,188.0,HUN,34.513,82,750,3-1 RET,3,R128,21,4,0,15,7,6,5,2,0,0,0,0,14,7,3,3,2,1,2
2026-422,Cincinnati Masters,Hard,96,M,O,20260814,10,B0GG,,,Mattia Bellucci,L,175,ITA,25.202,81,751,S0K7,,,Zachary Svajda,R,175.0,USA,23.707,84,749,7-6(0) 7-6(4),3,R128,124,6,3,86,59,39,20,12,5,6,8,3,85,50,40,14,12,6,7
2026-422,Cincinnati Masters,Hard,96,M,O,20260814,11,HB71,,,Hubert Hurkacz,R,196,POL,29.503,69,915,SY67,,LL,Sho Shimabukuro,R,180.0,JPN,29.04,90,697,6-2 6-4,3,R128,73,13,1,48,34,28,10,9,2,2,2,3,62,38,25,10,9,2,5
2026-422,Cincinnati Masters,Hard,96,M,O,20260814,12,V0DP,,,Adolfo Daniel Vallejo,R,183,PAR,22.294,70,914,J0AZ,,Q,Kyrian Jacquet,R,175.0,FRA,25.259,119,551,6-2 6-4,3,R128,70,7,3,44,26,24,13,9,1,1,3,2,61,33,22,14,9,7,10
2026-422,Cincinnati Masters,Hard,96,M,O,20260814,13,AE14,,,Daniel Altmaier,R,188,GER,27.921,65,944,W0BH,,Q,Coleman Wong,R,191.0,HKG,22.188,93,680,3-6 6-3 6-4,3,R128,139,9,3,91,54,39,19,14,7,10,11,7,88,47,37,16,14,3,7
2026-422,Cincinnati Masters,Hard,96,M,O,20260814,14,HB64,,Q,Quentin Halys,R,191,FRA,29.799,57,980,KI82,,,Vit Kopriva,R,178.0,CZE,29.164,71,886,7-6(5) 6-4,3,R128,107,12,2,76,44,33,17,11,3,5,2,2,66,36,28,13,11,1,4
2026-422,Cincinnati Masters,Hard,96,M,O,20260814,15,TE51,,,Stefanos Tsitsipas,R,193,GRE,28.005,49,1020,R0EB,,,Valentin Royer,R,188.0,FRA,25.21,78,768,7-6(4) 7-5,3,R128,118,4,2,76,40,28,23,12,0,2,2,4,79,46,31,14,12,4,7
2026-422,Cincinnati Masters,Hard,96,M,O,20260814,16,B0BI,,,Sebastian Baez,R,170,ARG,25.626,53,1005,D875,,,Grigor Dimitrov,R,191.0,BUL,35.247,138,432,1-6 6-3 6-4,3,R128,108,1,2,77,47,30,19,13,6,9,6,7,76,43,35,16,13,3,6
2026-422,Cincinnati Masters,Hard,96,M,O,20260814,17,H997,,,Yannick Hanfmann,R,193,GER,34.752,55,986,V0DZ,,Q,Luca Van Assche,R,178.0,FRA,22.259,54,1001,6-2 6-4,3,R128,102,10,3,59,35,28,13,9,4,4,4,4,68,41,24,13,9,5,8
2026-422,Cincinnati Masters,Hard,96,M,O,20260814,18,M0QI,,,Alex Michelsen,R,193,USA,21.969,41,1090,,,,Jesper De Jong,,,,,106,618,6-4 6-4,3,R128,83,7,1,57,36,30,12,10,2,2,3,4,58,29,23,12,10,2,4
2026-422,Cincinnati Masters,Hard,96,M,O,20260814,19,BK40,,,Matteo Berrettini,R,196,ITA,30.338,42,1085,D0DW,,Q,Titouan Droguet,R,191.0,FRA,25.164,111,594,3-6 6-1 6-4,3,R128,120,9,4,81,44,39,18,13,1,2,7,3,76,47,37,12,13,3,6
2026-422,Cincinnati Masters,Hard,96,M,O,20260814,20,CD85,,,Pablo Carreno Busta,R,188,ESP,35.091,72,885,M0FH,,,Tomas Machac,R,183.0,CZE,25.834,62,960,6-3 6-2,3,R128,73,1,5,53,27,18,15,9,3,5,3,4,53,29,17,10,8,3,8
2026-422,Cincinnati Masters,Hard,96,M,O,20260814,21,V812,,,Botic Van De Zandschulp,R,191,NED,30.861,59,969,,,,Aleksandr Shevchenko,,,,,89,699,6-4 6-4,3,R128,112,7,5,62,38,33,10,10,3,4,9,6,86,46,33,16,10,5,8
2026-422,Cincinnati Masters,Hard,96,M,O,20260814,22,C0C8,,,Juan Manuel Cerundolo,L,183,ARG,24.745,51,1006,L0GH,,Q,Mark Lajal,R,191.0,EST,23.258,159,361,6-4 6-4,3,R128,83,4,2,53,23,22,18,10,0,0,5,2,57,36,26,15,10,5,7
2026-422,Cincinnati Masters,Hard,96,M,O,20260814,23,D994,,,James Duckworth,R,183,AUS,34.563,86,743,W09G,,Q,J.J. Wolf,R,183.0,USA,27.647,285,195,7-5 7-6(0),3,R128,114,7,3,68,36,32,19,12,3,4,5,3,96,54,34,21,12,5,7
2026-422,Cincinnati Masters,Hard,96,M,O,20260814,24,O483,,Q,Christopher O'Connell,R,183,AUS,32.197,129,491,MQ75,,,Kamil Majchrzak,R,183.0,POL,30.585,68,917,6-4 7-6(5),3,R128,114,11,3,82,46,35,20,11,6,7,13,2,73,43,32,15,11,2,4
2026-422,Cincinnati Masters,Hard,96,M,O,20260815,25,BT72,,,Nuno Borges,R,185,POR,29.484,47,1045,KD46,,PR,Thanasi Kokkinakis,R,193.0,AUS,30.346,440,108,5-7 7-6(3) 7-6(4),3,R128,178,18,3,102,67,59,17,18,0,2,20,5,119,64,52,30,18,5,6
2026-422,Cincinnati Masters,Hard,96,M,O,20260815,26,SU87,,,Lorenzo Sonego,R,191,ITA,31.264,88,718,S0RE,,PR,Juncheng Shang,L,180.0,CHN,21.53,228,245,6-3 6-3,3,R128,87,7,2,60,39,28,11,9,2,3,1,5,54,25,14,15,9,3,7
2026-422,Cincinnati Masters,Hard,96,M,O,20260815,27,W09E,,,Adam Walton,R,183,AUS,27.329,98,670,M0AW,,Q,Nicolas Mejia,R,183.0,COL,26.508,122,530,7-6(5) 6-0,3,R128,108,4,1,55,36,25,14,9,0,1,4,2,68,42,23,14,9,5,9
2026-422,Cincinnati Masters,Hard,96,M,O,20260815,28,F0F2,,Q,Jaime Faria,R,188,POR,23.025,79,762,B0CD,,,Jenson Brooksby,R,193.0,USA,25.802,74,840,6-3 6-2,3,R128,74,5,6,60,33,26,13,9,5,6,1,2,53,33,20,7,8,3,7
2026-422,Cincinnati Masters,Hard,96,M,O,20260815,29,M0N7,,,Daniel Merida,R,188,ESP,21.884,40,1117,C977,,WC,Marin Cilic,R,198.0,CRO,37.878,80,751,3-6 6-1 6-1,3,R128,99,9,2,78,44,32,19,11,4,5,5,2,66,33,22,16,12,2,7
2026-422,Cincinnati Masters,Hard,96,M,O,20260815,30,TA29,,Q,Marco Trungelliti,R,178,ARG,36.537,91,693,M0JF,,,Hamad Medjedovic,R,188.0,SRB,23.077,73,854,7-5 7-6(2),3,R128,124,14,5,68,39,30,18,12,1,3,10,9,99,56,36,20,12,9,12
2026-422,Cincinnati Masters,Hard,96,M,O,20260815,31,Z0BZ,,Q,Michael Zheng,R,188,USA,22.549,110,595,M0CI,,,Fabian Marozsan,R,193.0,HUN,26.853,63,950,3-6 6-1 7-6(1),3,R128,119,7,6,86,48,40,20,14,4,6,12,3,90,53,35,19,14,1,4
2026-422,Cincinnati Masters,Hard,96,M,O,20260815,32,K0AZ,,,Aleksandar Kovacevic,R,183,USA,27.962,96,673,KE29,,,Karen Khachanov,R,198.0,RUS,30.234,39,1140,5-7 6-3 7-6(2),3,R128,142,10,2,100,52,44,30,17,7,8,16,4,105,59,44,27,16,10,11
2026-422,Cincinnati Masters,Hard,96,M,O,20260815,33,C0E9,7.0,,Flavio Cobolli,R,183,ITA,24.277,10,3330,KI95,,,Miomir Kecmanovic,R,183.0,SRB,26.957,66,930,6-1 4-6 6-3,3,R64,120,13,8,80,39,34,19,13,7,9,3,0,98,58,32,20,13,7,12
2026-422,Cincinnati Masters,Hard,96,M,O,20260816,34,A0GC,,,Terence Atmane,L,193,FRA,24.6,45,1057,EA24,26.0,,Tomas Martin Etcheverry,R,196.0,ARG,27.08,31,1470,6-3 7-6(4),3,R64,113,10,3,76,44,36,21,11,4,4,6,0,54,29,25,16,10,0,1
2026-422,Cincinnati Masters,Hard,96,M,O,20260816,35,T0A1,,,Thiago Agustin Tirante,R,185,ARG,25.35,50,1011,D643,3.0,,Novak Djokovic,R,188.0,SRB,39.236,5,3760,2-6 6-4 6-4,3,R64,164,13,5,83,49,43,15,14,4,6,5,7,111,60,47,22,14,13,15
2026-422,Cincinnati Masters,Hard,96,M,O,20260816,36,DH58,5.0,,Alex de Minaur,R,183,AUS,27.493,8,3560,HB64,,Q,Quentin Halys,R,191.0,FRA,29.804,57,980,1-6 6-3 7-6(4),3,R64,136,7,6,86,46,33,26,14,5,7,9,3,100,52,41,25,14,11,12
2026-422,Cincinnati Masters,Hard,96,M,O,20260816,37,M0NI,14.0,,Jakub Mensik,R,196,CZE,20.956,16,2395,B0GG,,,Mattia Bellucci,L,175.0,ITA,25.207,81,751,7-5 2-6 7-6(5),3,R64,171,16,4,109,60,50,23,16,5,8,7,1,103,53,40,29,16,4,6
2026-422,Cincinnati Masters,Hard,96,M,O,20260816,38,V0DP,,,Adolfo Daniel Vallejo,R,183,PAR,22.3,70,914,VA25,15.0,,Valentin Vacherot,R,193.0,MON,27.748,19,2186,6-3 6-3,3,R64,80,2,4,51,30,28,10,9,0,0,14,5,48,30,24,6,9,0,3
2026-422,Cincinnati Masters,Hard,96,M,O,20260816,39,H0BH,,WC,Rinky Hijikata,R,178,AUS,25.476,95,673,D0FJ,19.0,,Luciano Darderi,R,183.0,ITA,24.501,20,2175,6-4 6-2,3,R64,72,10,2,49,28,21,16,9,0,0,2,1,53,36,20,12,9,3,6
2026-422,Cincinnati Masters,Hard,96,M,O,20260816,40,TE30,22.0,,Alejandro Tabilo,L,188,CHI,29.205,29,1688,SL28,,,Jan-Lennard Struff,R,193.0,GER,36.309,43,1069,6-3 6-4,3,R64,79,5,1,56,37,30,12,10,0,0,5,2,61,32,20,17,9,1,3
2026-422,Cincinnati Masters,Hard,96,M,O,20260816,41,B0PG,28.0,,Alexander Blockx,R,193,BEL,21.355,32,1396,N0BS,,,Mariano Navone,R,178.0,ARG,25.465,44,1066,6-3 6-4,3,R64,85,11,2,60,37,32,11,10,2,2,0,2,56,38,25,11,9,4,6
2026-422,Cincinnati Masters,Hard,96,M,O,20260816,42,L0IL,,,Martin Landaluce,R,193,ESP,20.602,67,922,A0FC,31.0,,Matteo Arnaldi,R,185.0,ITA,25.478,34,1349,6-4 4-6 6-4,3,R64,153,4,7,85,44,29,20,15,4,9,8,4,93,48,35,17,15,8,14
2026-422,Cincinnati Masters,Hard,96,M,O,20260816,43,F0DM,32.0,,Arthur Fery,R,175,GBR,24.096,37,1285,D994,,,James Duckworth,R,183.0,AUS,34.568,86,743,6-4 2-6 7-6(4),3,R64,152,9,3,101,51,38,27,15,3,6,6,4,89,45,37,23,15,1,3
2026-422,Cincinnati Masters,Hard,96,M,O,20260816,44,PL56,18.0,,Tommy Paul,R,185,USA,29.248,24,2075,HB71,,,Hubert Hurkacz,R,196.0,POL,29.509,69,915,6-4 6-7(3) 6-3,3,R64,157,1,3,110,63,46,28,16,9,9,19,3,95,59,44,18,15,4,6
2026-422,Cincinnati Masters,Hard,96,M,O,20260816,45,L0BV,9.0,,Jiri Lehecka,R,185,CZE,24.769,14,2470,BK40,,,Matteo Berrettini,R,196.0,ITA,30.344,42,1085,6-4 6-7(3) 6-3,3,R64,142,13,1,96,63,50,22,16,4,4,7,0,84,53,43,19,15,4,6
2026-422,Cincinnati Masters,Hard,96,M,O,20260816,46,J0DZ,12.0,,Rafael Jodar,R,191,ESP,19.912,11,2621,SU55,,,Denis Shapovalov,L,185.0,CAN,27.337,48,1045,7-5 4-6 7-5,3,R64,176,1,4,115,75,50,20,17,4,8,3,7,110,56,38,27,17,6,11
2026-422,Cincinnati Masters,Hard,96,M,O,20260816,47,F0F1,21.0,,Arthur Fils,R,185,FRA,22.177,21,2140,H997,,,Yannick Hanfmann,R,193.0,GER,34.757,55,986,7-6(5) 6-1,3,R64,96,7,2,63,37,29,13,9,3,4,7,7,68,36,26,12,10,3,7
2026-422,Cincinnati Masters,Hard,96,M,O,20260816,48,Z355,1.0,,Alexander Zverev,R,198,GER,29.322,3,8090,N771,,,Cameron Norrie,L,188.0,GBR,30.982,35,1345,3-6 6-3 6-3,3,R64,155,16,5,74,39,33,20,13,2,3,3,6,111,64,42,23,14,12,15
2026-422,Cincinnati Masters,Hard,96,M,O,20260816,49,O483,,Q,Christopher O'Connell,R,183,AUS,32.203,129,491,RH16,11.0,,Casper Ruud,R,183.0,NOR,27.65,17,2385,7-5 1-2 RET,3,R64,65,13,0,44,25,21,9,7,1,2,1,1,37,20,15,11,8,0,2
2026-422,Cincinnati Masters,Hard,96,M,O,20260816,50,MM58,4.0,,Daniil Medvedev,R,198,RUS,30.511,7,3580,TA29,,Q,Marco Trungelliti,R,178.0,ARG,36.539,91,693,6-4 7-5,3,R64,106,11,9,71,35,31,16,11,2,3,1,0,70,49,35,8,11,2,5
2026-422,Cincinnati Masters,Hard,96,M,O,20260816,51,Z0BZ,,Q,Michael Zheng,R,188,USA,22.552,110,595,HH26,24.0,,Ugo Humbert,L,188.0,FRA,28.14,30,1585,6-4 6-3,3,R64,82,4,3,57,34,25,13,9,1,1,3,8,62,32,19,15,10,4,7
2026-422,Cincinnati Masters,Hard,96,M,O,20260816,52,AG37,2.0,,Felix Auger-Aliassime,R,193,CAN,26.021,29,1680,TE51,,,Stefanos Tsitsipas,R,193.0,GRE,28.011,49,1020,6-3 7-5,3,R64,88,7,5,58,35,26,14,11,2,4,6,2,53,33,21,6,10,0,4
2026-422,Cincinnati Masters,Hard,96,M,O,20260816,53,F0FV,23.0,,Joao Fonseca,R,188,BRA,19.986,26,1800,V812,,,Botic van de Zandschulp,R,191.0,NED,30.867,59,969,6-4 7-6(2),3,R64,107,2,2,72,46,29,17,11,4,6,4,8,68,35,29,9,11,0,3
2026-422,Cincinnati Masters,Hard,96,M,O,20260816,54,BT72,,,Nuno Borges,R,185,POR,29.487,47,1045,C0AU,20.0,,Francisco Cerundolo,R,185.0,ARG,28.008,25,1970,6-4 6-4,3,R64,79,5,3,50,30,28,11,10,1,2,3,2,63,30,20,18,10,5,8
2026-422,Cincinnati Masters,Hard,96,M,O,20260816,55,FB98,6.0,,Taylor Fritz,R,196,USA,28.799,9,3375,M0QI,,,Alex Michelsen,R,193.0,USA,21.974,41,1090,6-3 6-4,3,R64,85,7,6,71,38,31,14,10,1,2,4,8,60,37,25,8,9,3,6
2026-422,Cincinnati Masters,Hard,96,M,O,20260816,56,M0EJ,10.0,,Lorenzo Musetti,R,185,ITA,24.454,15,2415,AE14,,,Daniel Altmaier,R,188.0,GER,27.926,65,944,6-4 6-2,3,R64,89,0,5,56,34,27,11,9,2,3,2,3,56,24,18,10,9,2,6
2026-422,Cincinnati Masters,Hard,96,M,O,20260816,57,C0C8,,,Juan Manuel Cerundolo,L,183,ARG,24.75,51,1006,RC91,25.0,,Arthur Rinderknech,R,196.0,FRA,31.066,28,1723,4-6 7-6(3) 7-6(5),3,R64,214,14,6,120,56,47,33,17,11,14,9,5,114,67,49,28,17,4,6
2026-422,Cincinnati Masters,Hard,96,M,O,20260817,58,RE44,13.0,,Andrey Rublev,R,188,RUS,28.824,18,2230,CD85,,,Pablo Carreno Busta,R,188.0,ESP,35.099,72,885,7-6(5) 6-1,3,R64,92,6,3,58,33,28,10,9,1,2,4,7,70,39,26,13,10,0,4
2026-422,Cincinnati Masters,Hard,96,M,O,20260817,59,T0HA,16.0,,Learner Tien,L,180,USA,20.706,12,2545,B0BI,,,Sebastian Baez,R,170.0,ARG,25.634,53,1005,6-3 7-6(4),3,R64,85,5,1,61,43,34,9,11,0,2,3,2,60,37,22,13,10,1,4
2026-422,Cincinnati Masters,Hard,96,M,O,20260817,60,N0AE,27.0,,Brandon Nakashima,R,188,USA,25.038,22,2135,K0AZ,,,Aleksandar Kovacevic,R,183.0,USA,27.967,96,673,6-2 7-5,3,R64,81,13,2,50,27,22,15,10,0,1,9,9,67,33,25,11,10,2,6
2026-422,Cincinnati Masters,Hard,96,M,O,20260817,61,W09E,,,Adam Walton,R,183,AUS,27.335,98,670,B0ID,29.0,,Ignacio Buse,R,183.0,PER,22.396,36,1335,6-4 6-3,3,R64,71,2,1,55,36,33,6,10,0,1,4,0,46,30,19,10,9,1,4
2026-422,Cincinnati Masters,Hard,96,M,O,20260817,62,M0N7,,,Daniel Merida,R,188,ESP,21.889,40,1117,BU13,30.0,,Zizou Bergs,R,185.0,BEL,27.206,33,1365,6-3 6-2,3,R64,79,2,9,65,37,31,13,9,3,3,2,6,42,16,14,11,8,0,3
2026-422,Cincinnati Masters,Hard,96,M,O,20260817,63,F0F2,,Q,Jaime Faria,R,188,POR,23.031,79,762,S0S1,8.0,,Ben Shelton,L,193.0,USA,23.855,6,3670,6-4 6-4,3,R64,113,5,6,85,44,29,24,10,11,12,3,3,65,42,27,10,10,7,10
2026-422,Cincinnati Masters,Hard,96,M,O,20260817,64,TD51,17.0,,Frances Tiafoe,R,188,USA,28.572,23,2130,SU87,,,Lorenzo Sonego,R,191.0,ITA,31.269,88,718,6-3 6-4,3,R64,76,4,0,55,30,26,17,10,2,2,7,1,47,31,23,9,9,1,3
2026-422,Cincinnati Masters,Hard,96,M,O,20260817,65,T0A1,,,Thiago Agustin Tirante,R,185,ARG,25.352,50,1011,L0IL,,,Martin Landaluce,R,193.0,ESP,20.605,67,922,7-6(5) 7-6(4),3,R32,136,9,2,75,39,32,28,12,3,4,5,5,90,51,37,23,12,9,10
